CSg78cKHqhM,"🚨 FALAR ""BETA"" ""MOGGAR"" E ""CHAD"" É CRIME? KKKKK","II Ajude o Canal via Pix II
● https://livepix.gg/eguinorante

||✝️Camisetas Godtier✝️|| 
● http://www.godtier.com.br
● Cupom: ""EGUINORANTE"" 5% Off

II Seja Membro II
● https://www.youtube.com/channel/UCIfVa7P8vPnxIDG0Qxh-48g/join

II Livestream II
● https://www.twitch.tv/eguinorante

II Instagram II
● @eGuinorante

II Tik Tok II
● http://tiktok.com/@eguinorante_ 

II Grupo Discord - Twitch/Youtube (Chat e Sugestões) II
● https://discord.gg/xCRXtAKuYA

|| Ouça a Prysma ||
● http://bit.ly/3YwKEpr

|| Contato/Parceria ||
● equipe-eguinorante@outlook.com

● Música da Abertura: Cantus Servorum - Psalm 135


🚨 VOCÊ SABE QUE ESCREVER ""BETA"" OU ""MOGAR"" NA INTERNET PODE TE DAR CADEIA?

Neste vídeo eu comento a polêmica sobre a criminalização de termos da internet, a discussão em torno da lei da misoginia, liberdade de expressão, a resposta do Léo Lins, a falas de uma ex-juíza sobre salário da magistratura e o caso do árbitro acusado de machismo no Paulistão Feminino.

A pergunta central é simples: o que realmente dá cadeia no Brasil? O moleque que escreve ""beta"" num comentário, ou quem comete crimes de verdade?

👀 O QUE VOCÊ VAI VER NESSE VÍDEO:
→ A matéria sobre ""machosfera"", ""mogar"" e ""beta""
→ Algoritmos, Telegram, Discord e a culpa nas redes sociais
→ A lei da misoginia e o que ela abrange
→ A resposta do Léo Lins que acertou em cheio
→ Ex-juíza reclamando de salário no STF — e por que não posso comentar
→ Caso Aracruz: matou 4, feriu 12 e está nas ruas
→ Árbitro acusado de machismo no Paulistão Feminino

🕒 CAPÍTULOS:
00:00 Introdução — você pode estar cometendo um crime
00:39 Matéria da Globo sobre machosfera, mogar e beta
01:52 Telegram, Discord e a culpa das redes sociais
03:32 E o funk, fica onde nessa história?
04:01 O problema é a plataforma ou quem comete o crime?
05:49 A lei da misoginia e o que ela pode abranger
06:41 Léo Lins responde — e acerta
07:58 Caso Aracruz: matou 4, feriu 12 e está nas ruas
08:57 Ex-juíza no STF — salário da magistratura
11:44 Memes, piadas e o clima de insegurança
13:17 Árbitro acusado de machismo no Paulistão Feminino
15:08 O que vai dar cadeia no Brasil de verdade
16:13 Conclusão e recado final

⚖️ O debate é esse: criminalizar um termo de internet resolve algum problema real, ou abre espaço para interpretação ampla demais?

💬 DEIXA SUA OPINIÃO NOS COMENTÁRIOS!
👍 Se curtiu o vídeo, deixa o LIKE e SE INSCREVE no canal — ajuda muito!
🔔 Ativa o sininho para não perder os próximos vídeos!
🔁 COMPARTILHA com alguém que precisa ver isso!

#politicabrasil #liberdadedeexpressao #misoginia #leimisoginia #machosfera #manosfera #censurabrasil #noticias #atualidades #comentariopolitico #leolins #stf #judiciario #aracruz #paulistaofeminino #futebolfeminino #machismo #impunidade #redessociais #internet #debate #brasil #opiniao #eguinorante",eGuinorante,2026-03-28T01:13:48Z,"['comentario politico', 'politica brasil', 'liberdade de expressao', 'redes sociais', 'noticias brasil', 'atualidades', 'debate politico', 'internet', 'leo lins', 'humor', 'censura', 'misoginia', 'lei misoginia', 'machosfera', 'manosfera', 'youtube brasil', 'paulistao feminino', 'machismo', 'impunidade', 'eguinorante', 'stf', 'brasil', 'aracruz', 'futebol feminino', 'reacao', 'cultura digital', 'opiniao politica', 'critica social', 'polemica', 'judiciario', 'discurso', 'humor brasileiro', 'Chad', 'Beta', 'Moggar']",16545,2503,558,"[{'autor': '@mf569', 'texto': 'Não são termos misóginos,só são ridículos mesmo.', 'likes': 1, 'data_publicacao': '2026-03-29T20:50:16Z'}, {'autor': '@H3Canal', 'texto': 'Beta é um termo pra definir H e não M.  Na verdade quem quer se libertar vai conseguir. Quem não quer se libertar vai se fud3r de verde e amarelo. Simples', 'likes': 1, 'data_publicacao': '2026-03-29T20:28:56Z'}, {'autor': '@arielkellr', 'texto': 'mais doente que vc só os seus seguidores mesmo, maluco', 'likes': 0, 'data_publicacao': '2026-03-29T18:59:11Z'}, {'autor': '@DoranSissaron', 'texto': 'Eu já considerei registrar como mulher. Pelo que me pareceu eu não preciso mudar o nome, nem o gênero. Eles são pertubados o suficiente para acreditar em ""mulher do gênero masculino"". Então não me impede de fazer nada e ainda ganho mais ""igualdade"".', 'likes': 0, 'data_publicacao': '2026-03-29T18:41:55Z'}, {'autor': '@EdivaldoAlmeida-f2j3j', 'texto': 'O sonho da Eva em querer ser próprio Deus está sendo concretizado.🌈🍼🥛', 'likes': 0, 'data_publicacao': '2026-03-29T18:39:47Z'}, {'autor': '@DoodleFiveSix', 'texto': 'Não sobrou nada para a segunda letra do alfabeto grego. Brutal!', 'likes': 0, 'data_publicacao': '2026-03-29T17:13:31Z'}, {'autor': '@vinixs2024', 'texto': 'Agr a gente vai ser moggado pelo estado', 'likes': 0, 'data_publicacao': '2026-03-29T16:31:29Z'}, {'autor': '@JoelAlvesJuninho', 'texto': 'Fale daquele filme chamado tratamento de choque,filme de 2003 que previu o futuro desse ano 2026. No trecho do filme um cidadão com educação para fone de ouvido e diz pra ele não ser grosso com ela,ela foi estupid4 com ele. Assista a partir desse trecho.', 'likes': 0, 'data_publicacao': '2026-03-29T16:11:45Z'}, {'autor': '@jeffersonss', 'texto': 'Oxi  🤦🏾\u200d♂️', 'likes': 0, 'data_publicacao': '2026-03-29T15:36:44Z'}, {'autor': '@Maxeto7', 'texto': 'NÃO SE ESQUEÇAM que um dos PLANOS da ELITE MUNDIAL da NWO é colocar mulheres contra homens. Estamos nesse maldito jogo.', 'likes': 1, 'data_publicacao': '2026-03-29T14:27:44Z'}, {'autor': '@mego4210', 'texto': 'O Chad vai moggar o beta.\n\nAgora podem vir.', 'likes': 0, 'data_publicacao': '2026-03-29T14:25:19Z'}, {'autor': '@Klismann7', 'texto': 'Esqueça tudo meu brother! Fujam pras colinas', 'likes': 3, 'data_publicacao': '2026-03-29T13:03:34Z'}, {'autor': '@alexandremagalhaes6764', 'texto': 'Logo mais começará as demissões em massa de mulheres que possui patrões homens, pois quem ira querer correr risco de uma falsa acusação.\nE os idealizadores dessa merda de lei, vendo a merda de que fizeram, irão criar outra lei de cotas femininas, no qual toda empresa sera obrigada a ter uma porcentagem feminina.', 'likes': 1, 'data_publicacao': '2026-03-29T12:29:10Z'}, {'autor': '@LXDXNXXLLY', 'texto': 'Globo lixo', 'likes': 2, 'data_publicacao': '2026-03-29T11:44:39Z'}, {'autor': '@LXDXNXXLLY', 'texto': 'Machos fera caralho que porra e essa daqui a pouco vao querer cortar nossos paus', 'likes': 2, 'data_publicacao': '2026-03-29T11:44:01Z'}, {'autor': '@LXDXNXXLLY', 'texto': 'Kkkkkkkkkkk eu ja nao usava imagine agr', 'likes': 0, 'data_publicacao': '2026-03-29T11:41:50Z'}, {'autor': '@SottoEric', 'texto': 'no brasil, as leis condenam mais as falas do que atitudes e crimes!', 'likes': 0, 'data_publicacao': '2026-03-29T11:39:01Z'}, {'autor': '@eltondurock1798', 'texto': '... então... é...tipo...mano... melhor eu ficar quieto...', 'likes': 0, 'data_publicacao': '2026-03-29T11:18:55Z'}, {'autor': '@tr.junin97', 'texto': 'Brasil tá precisando um Nepal neles. Vai ser lindo quando chegar esse dia. 😌👍', 'likes': 0, 'data_publicacao': '2026-03-29T11:10:55Z'}, {'autor': '@Borusshiki', 'texto': 'Só falta quererem obrigar a gente a usar burca ou algo do tipo 🤦🏾\u200d♂️', 'likes': 1, 'data_publicacao': '2026-03-29T10:55:28Z'}, {'autor': '@Borusshiki', 'texto': 'A imundície do fanki tá aí né 🤦🏾\u200d♂️', 'likes': 1, 'data_publicacao': '2026-03-29T10:47:20Z'}, {'autor': '@PeixeWins', 'texto': 'Machosfera não é misandria?', 'likes': 2, 'data_publicacao': '2026-03-29T06:02:58Z'}, {'autor': '@jhordanedyvald6003', 'texto': 'Impressionante a sensibilidade feminina. Elas fazem leis se elas se ofenderem.', 'likes': 0, 'data_publicacao': '2026-03-29T02:17:22Z'}, {'autor': '@andsants89', 'texto': 'tamos fddd', 'likes': 0, 'data_publicacao': '2026-03-29T01:24:43Z'}, {'autor': '@gokussj3-cb5hx', 'texto': 'Loucura e pior que milhões de pessoas não percebem o que está acontecendo', 'likes': 2, 'data_publicacao': '2026-03-28T23:46:21Z'}, {'autor': '@vinniciusmartins1723', 'texto': 'Beta', 'likes': 0, 'data_publicacao': '2026-03-28T23:37:44Z'}, {'autor': '@Robert_S2_Aymara', 'texto': 'ser homem automaticamente já dá cadeia', 'likes': 1, 'data_publicacao': '2026-03-28T22:36:59Z'}, {'autor': '@humbertoaguiar188', 'texto': '🙏🏾🙏🏾💪🏾💪🏾🙏🏾🙏🏾', 'likes': 2, 'data_publicacao': '2026-03-28T22:33:47Z'}, {'autor': '@mrwhitebr', 'texto': 'Brasil.... aliás, Bostil, rumo ao pior país do mundo..', 'likes': 1, 'data_publicacao': '2026-03-28T21:46:17Z'}, {'autor': '@Nk641-h8d', 'texto': 'Kick', 'likes': 0, 'data_publicacao': '2026-03-28T21:43:39Z'}, {'autor': '@rodrigohonorio1050', 'texto': '"" o estado é a grande ficção onde todos querem viver as custas de todos"" - essa juíza ai mostra claramente que essa afirmação de frederich Bastiat, continua muito atual.', 'likes': 0, 'data_publicacao': '2026-03-28T21:40:06Z'}, {'autor': '@arthurteodoro6586', 'texto': 'Se você pausar um vídeo enquanto uma mulher fala tbm é misoginia ?', 'likes': 2, 'data_publicacao': '2026-03-28T21:03:01Z'}, {'autor': '@GabrielOliveira-zp3ni', 'texto': 'O Bostil fazendo esses tipos de lei, além de todas essas leis que limitam nossa liberdade de expressão, que criminalizou outras formas de preconceito, implica que o Brasil quer evitar que haja uma réplica daquele evento lá da Segunda Guerra que começa com H aconteça aqui. \nMas por que aquele fatídico evento da Segunda Guerra aconteceria de novo? Nenhum político hoje em dia em sã consciência iria querer exterminar ninguém. Por mais da intenção, essas leis também não tão ajudando muito, já que agora temos um Neo-Bigodista de verdade que assassinou 4 pessoas como se ele estivesse nas SS solto pelas ruas. Que paízinho do contra, meu parça.\nUma salva de palmas pro Bostil.', 'likes': 0, 'data_publicacao': '2026-03-28T20:51:29Z'}, {'autor': '@marcosandriotto1786', 'texto': 'Não adivinho.. adivinhou 😅😅😅', 'likes': 1, 'data_publicacao': '2026-03-28T20:30:37Z'}, {'autor': '@RenataDias-l8t', 'texto': 'Estão transformando o Brasil em uma China tropical, tem até  um monte de chineses já morando no Brasil.', 'likes': 2, 'data_publicacao': '2026-03-28T19:52:16Z'}, {'autor': '@MichaelLandau18', 'texto': 'Claro que esta lei é uma lei pra pegar beta kkkkk, enquanto isto o marginais, os n0ias, ze dr0guinhas seguem livres pra praticarem miso seja em suas letras de funk, nos fluxos ou quando raspam a cabeça delas quando desapontam eles, bom estes são os queridinhos do sistema, da mídia e do governo, são companheiros deles, logo podem fazer o que querem sabe.', 'likes': 0, 'data_publicacao': '2026-03-28T19:49:06Z'}, {'autor': '@victorb83_Mudvayne', 'texto': 'Proprietário da casa: A....\nAlguma mulher qqr: quero a casa.\nProprietário: (entrega as chaves e a escritura da casa)... vai embora com uma mão na frente e a outra atrás!', 'likes': 0, 'data_publicacao': '2026-03-28T19:38:23Z'}, {'autor': '@victorb83_Mudvayne', 'texto': 'Não posso crer que ainda tem ""homem"" que acha que ""isso"" concerta alguma coisa', 'likes': 1, 'data_publicacao': '2026-03-28T19:33:45Z'}, {'autor': '@deverassilva', 'texto': 'os juízes querem mais penduricalhos, PQP.  Lute para acabar com a P**RA do IR, reduzir impostos e acabar com a puta..ria do legislativo cheio de benefícios (vitalícios).', 'likes': 0, 'data_publicacao': '2026-03-28T19:26:30Z'}, {'autor': '@nielsontopnews', 'texto': '🔴😂😂😂ai é osso 😂😂😂 Ta difícil. Cada dia o mundo ficando Pior', 'likes': 0, 'data_publicacao': '2026-03-28T18:54:10Z'}, {'autor': '@taylorm.4185', 'texto': 'Esquerda quer destruir que não vota neles,  querem destruir o homem que geralmente não vota neles e jogar as mulheres no assistencialismo estatal e coloca-las no cabresto ideológico deles.   Isso é tão obvio.', 'likes': 0, 'data_publicacao': '2026-03-28T18:31:30Z'}, {'autor': '@matheusespindola4971', 'texto': 'Também vão proibir as mulheres de falarem ""Quem casou, casou"", chamar de Jurandir, liso ou de definir o que é homem de verdade?', 'likes': 2, 'data_publicacao': '2026-03-28T18:12:18Z'}, {'autor': '@haiydezin', 'texto': 'Moggados pelo governo.', 'likes': 0, 'data_publicacao': '2026-03-28T18:06:52Z'}, {'autor': '@KELVINMFORD', 'texto': 'Chipanzil, a republiqueta que anda de costas.', 'likes': 1, 'data_publicacao': '2026-03-28T17:44:00Z'}, {'autor': '@mausamaritano', 'texto': 'vi hoje o video de uma mulher lendo o post de um cara dizendo os cuidados q o homem tem q ter depois dessa lei. entre esses cuidados estavam: ""nao ficar sozinho no mesmo ambiente q uma mulher; nao pegar elavador se ja tiver uma mulher la; não flertar com mulher , etc..."" e a resposta dela foi ""acho isso maravilhoso, todos os homens deveriam seguir isso a risca"" ou seja, é oq elas querem mesmo, distancia maxima dos homens, e que de preferencia os homens se retirem dos lugares onde elas estão.', 'likes': 0, 'data_publicacao': '2026-03-28T17:34:31Z'}, {'autor': '@jasontito97', 'texto': 'O homem é inimigo número um do País, a realidade é essa, e quem se nega a enxergar isso, vai sofrer as consequências cedo ou tarde.', 'likes': 0, 'data_publicacao': '2026-03-28T17:23:16Z'}, {'autor': '@Lucy-q7g4c', 'texto': 'Esses imbecis estão tornando esse país um lugar insalubre pra se viver e aí,  quando ninguém suportar mais, eles vão morar nos EUA e nos deixam no inferno.', 'likes': 0, 'data_publicacao': '2026-03-28T17:19:30Z'}, {'autor': '@gsbs2k', 'texto': 'Tá sobrando nada não', 'likes': 0, 'data_publicacao': '2026-03-28T17:09:42Z'}, {'autor': '@PACIÊNCIA-0', 'texto': 'AJA PACIÊNCIA, JESUS! 😮\u200d💨😮\u200d💨😮\u200d💨', 'likes': 1, 'data_publicacao': '2026-03-28T17:07:45Z'}, {'autor': '@lucasvieira5407', 'texto': 'Pior que essas gírias são engraçadas pra caramba e eu uso direto por conta disso kkkkkkkkkk eu serei preso por falar besteira na internet kkkkkkkkk', 'likes': 0, 'data_publicacao': '2026-03-28T17:06:48Z'}]",,YouTube,
O7MMVFNPxv4,"URGENTE! NIKOLAS FERREIRA DETONA ""LEI DA MORDAÇA"" AO VIVO NO PÂNICO! É UMA ABERRAÇÃO!","O clima esquentou no Pânico Jovem Pan! O deputado federal Nikolas Ferreira entrou ao vivo para denunciar o perigo real da nova ""Lei da Misoginia"" aprovada no Senado.

Nikolas não poupou críticas e explicou como essa lei pode ser usada para calar a oposição e punir cidadãos comuns por opiniões e até piadas. ""É uma aberração em nível estratosférico"", disparou o parlamentar.

Neste vídeo você vai ver:

O desabafo de Nikolas Ferreira contra o Senado.

A briga interna na direita sobre o voto de Flávio Bolsonaro.

O que muda na sua liberdade de expressão com essa nova lei.

👇 PERGUNTA DO DIA: Você concorda com o Nikolas ou acha que a lei é necessária? COMENTE ABAIXO!

✅ INSCREVA-SE NO CANAL para não perder nenhum bastidor da política brasileira!

#NikolasFerreira #Bolsonaro #Politica #Panico #Cortes #LiberdadeDeExpressao #AlertaVerdeAmarelo #NoticiasBrasil",Alerta Verde Amarelo,2026-03-27T14:15:01Z,"['Bolsonaro', 'Nikolas', 'Direita', 'Conservador', 'Notícias Brasil', 'Alerta Verde Amarelo', 'Política', 'Cortes de Podcast', 'Mitadas']",9,3,1,"[{'autor': '@robsonbitelli', 'texto': 'Estamos ferrados. Não dá para confiar em mais ninguém.', 'likes': 0, 'data_publicacao': '2026-03-27T14:37:10Z'}]",,YouTube
KJA6XvSvG_8,A LEI FELCA VAI ACABAR COM A INTERNET 💀,"Enfim, para mais vídeos se inscreva no canal e deixe seu gostei!


📌 Inscreva-se no Canal: 
https://www.youtube.com/@NaçãoBostileira

👥 Seja membro deste canal e ganhe benefícios:
https://www.youtube.com/channel/UCuE_naxvnh6bC3nPCEYeFfg/join

🥈 Meu outro canal: 
https://www.youtube.com/@TioNacionalista

Twitter:
https://x.com/nb_sigma

✉️: contatonacaobostileira@gmail.com

💰Apoie o canal com o PIX: 
https://livepix.gg/tionacionalista


Tamo Junto!
O Nacionalista

© 2025 O Nacionalista",O Nacionalista,2026-03-19T14:50:00Z,"['bostileiro', 'critica', 'opinião', 'brasil', 'nacionalista', 'o nacionalista', 'lei felca', 'felca lei', 'lei felca lol', 'nova lei felca', 'lei do felca', 'lei felca dia 17', 'lei felca jogos', 'a nova lei felca', 'lei felca steam', 'lei felca o que e', 'lei felca linux', 'a lei do felca', 'lei felca brasil', 'roblox lei felca', 'lei felca censura', 'lei felca rockstar', 'lei felca aprovada', 'lei felca aprovado', 'lei felca internet', 'lei felca o que muda', 'projeto de lei felca', 'nova lei do felca', 'felca lei roblox']",61030,7802,1234,"[{'autor': '@NacionalistaOficial', 'texto': 'vídeo anterior: https://youtu.be/IBu-_Tv3iSk\ncanal secundário: https://www.youtube.com/@TioNacionalista\ncanal do NOT: https://www.youtube.com/@LIPE157-NOT', 'likes': 127, 'data_publicacao': '2026-03-19T00:50:39Z'}, {'autor': '@VitorSilva-w7o', 'texto': 'Nacionalista faz um vídeo sobre o tarado da moto', 'likes': 0, 'data_publicacao': '2026-03-29T13:39:01Z'}, {'autor': '@henrybitencourt', 'texto': 'Bom fiz o L e fui PT em 2022 e tomei no cu agora (e ainda sou esquerdista más tomei no cu de qualquer forma)', 'likes': 1, 'data_publicacao': '2026-03-29T02:06:31Z'}, {'autor': '@sabio-sly', 'texto': 'Tudo culpa do celta kkk', 'likes': 0, 'data_publicacao': '2026-03-27T20:46:40Z'}, {'autor': '@Comunistagames', 'texto': 'Lei muito boa porém mal executada...', 'likes': 0, 'data_publicacao': '2026-03-26T17:56:05Z'}, {'autor': '@EuRafael5604', 'texto': '1:38 eu fiz isso para não perder meu email kkkk', 'likes': 0, 'data_publicacao': '2026-03-26T07:51:51Z'}, {'autor': '@claudiagomes-g6v', 'texto': 'Só pra ver a censura exagerada vendo que os primeiros vídeos do nacionalista ele falava o que quiser qualquer coisa agora não pode mais falar nem crianças \nDaqui a pouco:\nCanais que falam bostil,favela ao invés de comunidade,falar mal do Lula,clt,ladrões \nYoutube:canais banidos hihi só vantagi 😂😂😂', 'likes': 0, 'data_publicacao': '2026-03-25T16:50:45Z'}, {'autor': '@joyblackpill8391', 'texto': 'O esquerdopata fala que é pra ""proteger as kiansas"",mas ele defende que kiansa têm o direito de decidir sua sensualidade,que pode fazer mudança de sexo e que também pode andar na parada lgtv com várias pessoas nuas que praticam atos sexuais ao ar livre.', 'likes': 0, 'data_publicacao': '2026-03-25T13:30:49Z'}, {'autor': '@jlgamer021', 'texto': 'Enquanto isso tem pessoa aí roubando, matando, traficando e jogando em cassinos e a preocupação desse pessoal é a regulamentação das redes sociais', 'likes': 2, 'data_publicacao': '2026-03-25T13:13:44Z'}, {'autor': '@Alezincrr', 'texto': 'Engraçado que tá tendo restrição de jogos onlines e redes sociais, enquanto isso pedol... Tão tendo privilégios e ngm move uma palha pra mudar isso, a lei felca é uma piada, nn teremos mais GTA 6...', 'likes': 0, 'data_publicacao': '2026-03-25T06:05:23Z'}, {'autor': '@lucas57946', 'texto': 'Esses Políticos Malditos não estão nem ai pras crianças e nem pro povo e tem Jumentos que Mamam esses lixos desses políticos, Querem uma recomendação não sujem seu dedo de sangue votando nesses cornos', 'likes': 0, 'data_publicacao': '2026-03-25T05:43:48Z'}, {'autor': '@Markvr-g2x', 'texto': '""HIHI BORA COLOCAR LEI PAS CRIANÇA HIHI, E COLOCAR O FELCA COMO CULPADO HIHI, É MELHOR PROIBIR LOL E OUTROS JOGOS Q A MULECADA GASTOU DIN DIN HIHI HEHE LEVEI VANTAGI"" enfim bostil, pior do q a ditadura militar \U0001fae9\U0001fae9', 'likes': 0, 'data_publicacao': '2026-03-25T02:00:05Z'}, {'autor': '@zillion914', 'texto': 'Oba mais censura no país! Graças a Deus não moro mais aí!', 'likes': 0, 'data_publicacao': '2026-03-24T12:15:25Z'}, {'autor': '@Geminha-69-1e', 'texto': 'Oi mano pode me dizer qual é  o nome do jogo que aparece em ""4:26""?', 'likes': 0, 'data_publicacao': '2026-03-24T02:23:19Z'}, {'autor': '@HennzoGonçalvesdepaula', 'texto': 'mano.. se eu fosse candidato eu irei fingir ser um candidato ruim pra vktarem em mim soque eu ia se um bom. esse e o unico jeito de um presidente bom existir', 'likes': 0, 'data_publicacao': '2026-03-24T00:34:13Z'}, {'autor': '@MADRUGAideia', 'texto': 'Governo SABOOR AMOOR', 'likes': 0, 'data_publicacao': '2026-03-23T23:44:45Z'}, {'autor': '@_Game_ErrorPro', 'texto': 'O cavalo de troia entrou no reino do bostil', 'likes': 0, 'data_publicacao': '2026-03-23T21:26:45Z'}, {'autor': '@DiegoAraújo98-m3x', 'texto': 'Essa lei não vai adiantar porra nenhuma', 'likes': 0, 'data_publicacao': '2026-03-23T16:37:35Z'}, {'autor': '@alma_maligna', 'texto': 'E literalmente censura em forma de ""proteçao""', 'likes': 2, 'data_publicacao': '2026-03-23T13:46:27Z'}, {'autor': '@Pzin296', 'texto': 'As crianças do Roblox são os adultos de amanhã.\n\nObrigado Felca por fazer essa geração odiar essa esquerda nojenta', 'likes': 1, 'data_publicacao': '2026-03-23T13:33:42Z'}, {'autor': '@iamvinmed', 'texto': 'Tudo certo como dois e dois são cinco', 'likes': 1, 'data_publicacao': '2026-03-23T12:01:41Z'}, {'autor': '@PedroQuintino-y4n', 'texto': 'Parabéns  deveria também cria um bom imposto em cima do jogos online parabéns Brasil   eu não jogo 😅😅😅😅😅😅😅😅', 'likes': 1, 'data_publicacao': '2026-03-23T07:46:07Z'}, {'autor': '@LuizOthsn', 'texto': 'Qual a música do início?', 'likes': 3, 'data_publicacao': '2026-03-23T05:01:45Z'}, {'autor': '@naomikk14', 'texto': 'Em um grupo do whatsapp que eu tô foi banido até comandos do bot que a gente usa por conta da lei felca', 'likes': 1, 'data_publicacao': '2026-03-23T04:30:15Z'}, {'autor': '@jootaN_BS', 'texto': 'O Estado abandonou o asfalto para policiar a nuvem.', 'likes': 0, 'data_publicacao': '2026-03-23T01:45:25Z'}, {'autor': '@wubnetsucks', 'texto': 'Banir casas de aposta ou proibir menores de 14 em cabare 🚫\nProibir jogos e redes sociais ✅️', 'likes': 0, 'data_publicacao': '2026-03-22T21:30:30Z'}, {'autor': '@meme_yt8', 'texto': 'Minha familia:a esquerda é muito melhor que a direita.kkkkkk Faz o L meus amigos', 'likes': 0, 'data_publicacao': '2026-03-22T19:01:47Z'}, {'autor': '@Mh.Andrade01', 'texto': 'Nação e inscritos, gostaria de convidar vocês a uma reflexão sobre o tema, por favor leiam até o fim. \n\nPela primeira vez, esse território impune chamado internet sofre uma forma de resistência.\nSim, impune, e muitas vezes, criminoso.\nVou explicar:\nNa internet o usuário pode usar a imagem de qualquer pessoa sem autorização, distorcer e moldar ao seu bel-prazer.\nO usuário também pode ofender, denegrir e inventar histórias, muitas vezes sem consequência proporcional.\nNeste ambiente a raiva e o ódio caminham junto com a satisfação e o prazer.\nNão é preciso ESFORÇO para encontrar DADOS, rostos, e vidas, sejam elas de qualquer idade. Basta uma busca nas ferramentas de busca ou nas redes sociais e pronto!\nMilhões de pessoas expostas, sem saber como suas imagens serão usadas.\nNão é preciso conquistar pessoas pra ver sua intimidade, ela é simplesmente consumida, através de um simples termo de confirmação de maioridade, ou melhor, com um simples: ""aperte este botão vermelho"", fácil né ? Não precisa nem ler.\nÉ na internet que pessoas adoecem todos os dias.\nAnsiedade, depressão e distorção da própria percepção se tornaram um padrão na nossa sociedade.\nÉ onde o caráter e personalidade são moldados desde os primeiros anos de vida, sob influência constante desse ambiente.\nAqui, na internet, o “cyberbullying” nasceu, e o alcance das brincadeiras, não é mais local, é global.\nHoje existem os famosos “desafios”, que ainda tem o potencial de levar diversas pessoas a colocar a própria integridade física em risco todos os dias.\nPessoas se expõem, se ridicularizam e até mesmo, vandalizam a própria imagem por “views”.\nFoi neste ambiente que a polarização cresceu, e desde então, seguimos nossas vidas nos discriminando, classificando personalidades e ideais como objetos.\nAqui na internet a violência e o “gore” se tornaram, conteúdo de entretenimento digital, seja ele interativo ou não.\nE tudo isso é só o RESUMO de uma PEQUENA parte, sendo que eu nem quis mencionar o uso das IAs.\nDe uma coisa eu tenho certeza:\nisso está muito longe de qualquer ideia de “paraíso” que já nos ensinaram, aquele paraíso, prometido pelo nosso criador e ensinado pelos nossos Pais. \nMuito pelo contrário...\nE quando surge alguma tentativa de resistência, a reação é: “injustiça”.\nInjustiça?\nInjusto é ver famílias lidando com consequências reais desse ambiente.\nInjusto é ver vidas sendo afetadas enquanto tudo isso é tratado como normal.\nE cara, este ponto de vista simplista, que afirma que: “isso tudo não tem nada a ver com joguinhos”, pode até parecer verdadeiro, mas, avalia apenas o que está na superfície da proposta, enquanto a mesma destina-se ao contexto da abordagem. \nMudanças não começam no centro.\nComeçam por onde é possível.\nE quando algo está tão enraizado quanto a internet hoje,\nqualquer ponto de ajuste já é um começo.\nSendo assim: \n\nParabéns a quem teve coragem de iniciar esse movimento.\nParabéns ao Governo Brasileiro, seja ele de cima, da esquerda, da direita, do centro, ou das diagonais, que seja...\nIsso é necessário! \n\nPAZ ❤️\u200d🩹', 'likes': 0, 'data_publicacao': '2026-03-22T17:02:33Z'}, {'autor': '@DUDUGAMER312S', 'texto': ""2:55  está de boa mas se se acontecer a mesma coisa com terraria e don't stave ai fico triste"", 'likes': 0, 'data_publicacao': '2026-03-22T16:47:52Z'}, {'autor': '@AmoebinhaYT_editz', 'texto': '6:08  A maior prova disso é eu ter falado “puxando” no chat de uma live e a streamer tava rindo junto comigo pq eu tinha sido censurado por falar isso😂', 'likes': 0, 'data_publicacao': '2026-03-22T16:46:21Z'}, {'autor': '@NinfoLunny', 'texto': '1:24 esse meme me quebra sempre kkk 😅', 'likes': 0, 'data_publicacao': '2026-03-22T16:24:40Z'}, {'autor': '@calvoflexexe', 'texto': 'Que lei lixo', 'likes': 1, 'data_publicacao': '2026-03-22T16:00:38Z'}, {'autor': '@God_River19', 'texto': 'mas em jogos so tão sendo banidos ou ganhando clasificação mais 18 por causa das microtransações e lotbox nos jogos', 'likes': 0, 'data_publicacao': '2026-03-22T14:08:30Z'}, {'autor': '@dark0281-q8c', 'texto': 'Faz o l\n           l\n           l\n           L____', 'likes': 0, 'data_publicacao': '2026-03-22T13:41:50Z'}, {'autor': '@Marcio.242', 'texto': 'É e vai piorar, não esperamos melhoras no bostil', 'likes': 0, 'data_publicacao': '2026-03-22T13:10:31Z'}, {'autor': '@minigato1667', 'texto': 'Tantas metodologias melhores e mais eficientes para eles usarem, mas eles escolhem a que mais censura', 'likes': 0, 'data_publicacao': '2026-03-22T12:43:09Z'}, {'autor': '@osonork', 'texto': 'Agora a próxima lei vai ser o que? proibir negros de saírem por sofrerem racismo? proibir mulheres de saírem por sofrerem feminicídio? bizarro como que o Brasil foca em FODER a VÍTIMA, e não o AGRESSOR, bizarro.', 'likes': 0, 'data_publicacao': '2026-03-22T09:44:15Z'}, {'autor': '@MinhaBanheira', 'texto': '""O país merece os políticos que vota""\n\nSe a gente tá nessa situação, é porque vocês pediram por isso.', 'likes': 0, 'data_publicacao': '2026-03-22T08:49:48Z'}, {'autor': '@ackerman7570', 'texto': 'O Felca sabia disso. Essa escória sempre foi vendida pro governo, não é atoa que bombou do nada, simplesmente teve que pagar de herói pro povo abraçar a ideia de censura. Resumindo, vão banir canais que ameaçam esse narcoterrorista no poder', 'likes': 0, 'data_publicacao': '2026-03-22T07:16:59Z'}, {'autor': '@BarãoVermelho5600', 'texto': 'Felca mais odiado que a Fatima Bernardes.', 'likes': 0, 'data_publicacao': '2026-03-22T07:07:22Z'}, {'autor': '@Mateus-i5z', 'texto': 'O NOT não é muito chegado com o povo colorido', 'likes': 0, 'data_publicacao': '2026-03-22T06:24:52Z'}, {'autor': '@Mateus-i5z', 'texto': 'Nós o povo robloxian!!! Avisamos. 😊', 'likes': 0, 'data_publicacao': '2026-03-22T06:23:08Z'}, {'autor': '@Zayx8091', 'texto': '7:40  Por isso comparo Felca ao Jar Jar Binks de Star Wars, Começou como um Palhaço e terminou entregando poderes a ditadores.', 'likes': 1, 'data_publicacao': '2026-03-22T06:13:33Z'}, {'autor': '@Ramonteixeiras', 'texto': 'Agora eu quero ver se esses trouxas vai eleger esse Governo de novo! Porque eu mesmo não vou.', 'likes': 0, 'data_publicacao': '2026-03-22T06:12:05Z'}, {'autor': '@Pakito182', 'texto': 'Isso n faz o menor sentido se um pedófilo quiser entrar com crianças é so eel.colcoar a imagemde uma criança na frente da foto de verificação  de idade e pronto!', 'likes': 0, 'data_publicacao': '2026-03-22T04:11:16Z'}, {'autor': '@AnaIsabelly-j6k', 'texto': 'As únicas saídas disso tudo é sair do país ou esperar a morte . Eu fico imaginando as pessoas que tem depressão vendo isso e pensando em acaba com tudo com seu sofrimento sua irá. Essa lei vai acabar com a vida de muitas pessoas e crianças também de uma firma ou de outra', 'likes': 1, 'data_publicacao': '2026-03-22T03:26:45Z'}, {'autor': '@iagosilva9598', 'texto': 'Bicho, eu sei que a bíblia diz pra orarmos pelo governo, mas só consigo pensar que amaldiçoado seja essas pessoas que nos governam, tanto de direita quanto de esquerda. Não há nenhuma intenção de ajudar o povo e sim de cada vez mais ganhar com nossa miséria 👏👏👏', 'likes': 0, 'data_publicacao': '2026-03-22T02:39:35Z'}, {'autor': '@DaviZcm', 'texto': 'Falta bem pouco para criarem uma lei que PRENDERÁ TODOS EM CASA mas... lembre-se isso é para ""TE PROTEGER"" 🤡', 'likes': 1, 'data_publicacao': '2026-03-22T01:59:27Z'}, {'autor': '@Tssilva2516', 'texto': 'Tem que acabar msm, ta achando ruim, vai capinar', 'likes': 0, 'data_publicacao': '2026-03-22T01:46:47Z'}, {'autor': '@VisívelGames-cp4nx', 'texto': '""Fique rico ou morra tankando"" nunca foi tão real, esse país está no buraco de lama, e só sai quem escalar pra riqueza e sair daqui', 'likes': 0, 'data_publicacao': '2026-03-22T01:32:07Z'}]",,YouTube

